parametro,valor,semilla,ganador,estrategia,turno_final,cuota_final,combates,bajas,turno_inflexion,eventos,cancelados,aleatorios,ganador_guerra_continua
k_bajas,0.3,20260805,cimeria,ECONÓMICA,200,0.5000,15,615.60,22,1242,15,30,0
k_bajas,0.3,20260806,cimeria,ECONÓMICA,33,0.6667,12,441.68,20,404,17,24,0
k_bajas,0.3,20260807,cimeria,ECONÓMICA,20,0.6250,13,482.55,18,290,8,26,0
k_bajas,0.3,20260808,cimeria,ECONÓMICA,200,0.5000,18,683.27,22,1251,15,36,0
k_bajas,0.3,20260809,cimeria,ECONÓMICA,200,0.5000,18,676.58,22,1251,15,36,0
k_bajas,0.3,20260810,cimeria,ECONÓMICA,200,0.5833,12,441.77,17,1223,16,24,0
k_bajas,0.3,20260811,cimeria,ECONÓMICA,200,0.5833,12,449.20,17,1225,15,24,0
k_bajas,0.3,20260812,cimeria,ECONÓMICA,200,0.5000,15,613.79,22,1242,15,30,0
k_bajas,0.3,20260813,cimeria,ECONÓMICA,200,0.5833,12,443.62,17,1223,16,24,0
k_bajas,0.3,20260814,cimeria,ECONÓMICA,20,0.6250,13,482.61,18,291,8,26,0
k_bajas,0.3,20260815,cimeria,ECONÓMICA,200,0.5833,12,443.04,17,1222,16,24,0
k_bajas,0.3,20260816,cimeria,ECONÓMICA,200,0.5000,18,671.47,22,1251,15,36,0
k_bajas,0.3,20260817,cimeria,ECONÓMICA,34,0.6250,13,423.01,20,402,13,26,0
k_bajas,0.3,20260818,cimeria,ECONÓMICA,200,0.5833,12,445.64,17,1227,15,24,0
k_bajas,0.3,20260819,cimeria,ECONÓMICA,200,0.5000,18,686.02,22,1251,15,36,0
k_bajas,0.3,20260820,cimeria,ECONÓMICA,200,0.5000,15,618.95,22,1242,15,30,0
k_bajas,0.3,20260821,cimeria,ECONÓMICA,20,0.6250,13,484.38,18,291,8,26,0
k_bajas,0.3,20260822,cimeria,ECONÓMICA,200,0.5833,12,445.90,17,1225,15,24,0
k_bajas,0.3,20260823,cimeria,ECONÓMICA,200,0.5000,18,681.99,22,1252,14,36,0
k_bajas,0.3,20260824,cimeria,ECONÓMICA,200,0.5833,12,443.42,17,1223,16,24,0
k_bajas,0.3,20260825,cimeria,ECONÓMICA,200,0.5833,12,444.41,17,1223,16,24,0
k_bajas,0.3,20260826,cimeria,ECONÓMICA,20,0.6250,13,484.28,18,295,7,26,0
k_bajas,0.3,20260827,cimeria,ECONÓMICA,200,0.5000,15,616.97,22,1242,15,30,0
k_bajas,0.3,20260828,cimeria,ECONÓMICA,20,0.6250,13,483.23,18,289,9,26,0
k_bajas,0.3,20260829,cimeria,ECONÓMICA,200,0.5833,12,448.11,17,1223,16,24,0
k_bajas,0.3,20260830,cimeria,ECONÓMICA,200,0.5000,18,679.08,22,1251,15,36,0
k_bajas,0.3,20260831,cimeria,ECONÓMICA,200,0.5000,15,612.99,22,1242,15,30,0
k_bajas,0.3,20260832,cimeria,ECONÓMICA,200,0.5833,12,445.25,17,1221,17,24,0
k_bajas,0.3,20260833,cimeria,ECONÓMICA,20,0.6250,13,482.89,18,293,7,26,0
k_bajas,0.3,20260834,cimeria,ECONÓMICA,200,0.5000,18,677.55,22,1251,15,36,0
k_bajas,0.5,20260805,cimeria,ECONÓMICA,200,0.5000,15,727.35,21,1437,10,30,0
k_bajas,0.5,20260806,cimeria,ECONÓMICA,200,0.5833,12,482.37,17,1223,16,24,0
k_bajas,0.5,20260807,cimeria,ECONÓMICA,20,0.6250,13,520.17,18,289,9,26,0
k_bajas,0.5,20260808,cimeria,ECONÓMICA,200,0.5000,15,692.98,21,1448,15,30,0
k_bajas,0.5,20260809,cimeria,ECONÓMICA,200,0.5000,15,712.67,22,1242,15,30,0
k_bajas,0.5,20260810,cimeria,ECONÓMICA,33,0.6667,12,483.29,20,404,17,24,0
k_bajas,0.5,20260811,cimeria,ECONÓMICA,33,0.6667,12,496.43,20,404,17,24,0
k_bajas,0.5,20260812,cimeria,ECONÓMICA,200,0.5000,15,714.60,22,1242,15,30,0
k_bajas,0.5,20260813,cimeria,ECONÓMICA,200,0.5833,12,485.58,17,1223,16,24,0
k_bajas,0.5,20260814,cimeria,ECONÓMICA,20,0.6250,13,520.47,18,291,8,26,0
k_bajas,0.5,20260815,cimeria,ECONÓMICA,33,0.6667,12,486.45,20,404,17,24,0
k_bajas,0.5,20260816,cimeria,ECONÓMICA,200,0.5000,15,701.82,22,1242,15,30,0
k_bajas,0.5,20260817,cimeria,ECONÓMICA,34,0.6250,13,452.66,20,402,13,26,0
k_bajas,0.5,20260818,cimeria,ECONÓMICA,200,0.5833,12,489.18,17,1223,16,24,0
k_bajas,0.5,20260819,cimeria,ECONÓMICA,200,0.5000,15,700.55,21,1448,15,30,0
k_bajas,0.5,20260820,cimeria,ECONÓMICA,200,0.5000,15,703.86,21,1448,15,30,0
k_bajas,0.5,20260821,cimeria,ECONÓMICA,20,0.6250,13,521.69,18,289,9,26,0
k_bajas,0.5,20260822,cimeria,ECONÓMICA,200,0.5833,12,489.57,17,1223,16,24,0
k_bajas,0.5,20260823,cimeria,ECONÓMICA,200,0.5000,15,710.42,22,1242,15,30,0
k_bajas,0.5,20260824,cimeria,ECONÓMICA,200,0.5833,12,485.23,17,1223,16,24,0
k_bajas,0.5,20260825,cimeria,ECONÓMICA,200,0.5833,12,487.93,17,1223,16,24,0
k_bajas,0.5,20260826,cimeria,ECONÓMICA,34,0.6250,13,454.27,20,402,13,26,0
k_bajas,0.5,20260827,cimeria,ECONÓMICA,200,0.5000,15,697.07,21,1448,15,30,0
k_bajas,0.5,20260828,cimeria,ECONÓMICA,37,0.6667,15,620.13,20,441,11,30,0
k_bajas,0.5,20260829,cimeria,ECONÓMICA,33,0.6667,12,493.47,20,404,17,24,0
k_bajas,0.5,20260830,cimeria,ECONÓMICA,200,0.5000,15,711.09,22,1242,15,30,0
k_bajas,0.5,20260831,cimeria,ECONÓMICA,200,0.5000,15,690.57,21,1448,15,30,0
k_bajas,0.5,20260832,cimeria,ECONÓMICA,34,0.6250,13,454.69,20,402,13,26,0
k_bajas,0.5,20260833,cimeria,ECONÓMICA,20,0.6250,13,520.30,18,291,8,26,0
k_bajas,0.5,20260834,cimeria,ECONÓMICA,200,0.5000,15,711.33,22,1242,15,30,0
k_bajas,0.7,20260805,cimeria,ECONÓMICA,200,0.5000,15,779.29,21,1448,14,30,0
k_bajas,0.7,20260806,cimeria,ECONÓMICA,200,0.5833,12,516.78,17,1221,17,24,0
k_bajas,0.7,20260807,cimeria,ECONÓMICA,34,0.6250,14,578.82,20,409,12,28,0
k_bajas,0.7,20260808,cimeria,ECONÓMICA,200,0.5000,18,801.71,21,1412,16,36,0
k_bajas,0.7,20260809,cimeria,ECONÓMICA,200,0.5000,15,780.40,21,1448,14,30,0
k_bajas,0.7,20260810,cimeria,ECONÓMICA,33,0.6667,13,608.04,20,405,17,26,0
k_bajas,0.7,20260811,cimeria,ECONÓMICA,34,0.6250,14,577.33,20,409,12,28,0
k_bajas,0.7,20260812,cimeria,ECONÓMICA,200,0.5000,15,780.78,21,1448,14,30,0
k_bajas,0.7,20260813,cimeria,ECONÓMICA,34,0.6250,12,460.59,20,407,12,24,0
k_bajas,0.7,20260814,cimeria,ECONÓMICA,33,0.6667,13,613.94,20,405,17,26,0
k_bajas,0.7,20260815,cimeria,ECONÓMICA,34,0.6250,12,464.29,20,407,12,24,0
k_bajas,0.7,20260816,cimeria,ECONÓMICA,200,0.5417,19,868.66,23,1248,13,38,0
k_bajas,0.7,20260817,cimeria,ECONÓMICA,34,0.6250,14,597.88,20,407,12,28,0
k_bajas,0.7,20260818,cimeria,ECONÓMICA,38,0.6667,16,740.73,20,442,14,32,0
k_bajas,0.7,20260819,cimeria,ECONÓMICA,200,0.5417,16,715.40,23,1227,12,32,0
k_bajas,0.7,20260820,cimeria,ECONÓMICA,200,0.5417,15,785.46,24,1608,14,30,0
k_bajas,0.7,20260821,cimeria,ECONÓMICA,38,0.6667,16,740.05,20,442,14,32,0
k_bajas,0.7,20260822,cimeria,ECONÓMICA,33,0.6667,13,611.66,20,405,17,26,0
k_bajas,0.7,20260823,cimeria,ECONÓMICA,200,0.5417,16,796.76,25,1591,11,32,0
k_bajas,0.7,20260824,cimeria,ECONÓMICA,37,0.6667,16,744.92,20,442,11,32,0
k_bajas,0.7,20260825,cimeria,ECONÓMICA,37,0.6667,16,740.76,20,442,11,32,0
k_bajas,0.7,20260826,cimeria,ECONÓMICA,34,0.6250,14,584.57,20,407,12,28,0
k_bajas,0.7,20260827,cimeria,ECONÓMICA,200,0.5417,19,786.45,26,1414,7,38,0
k_bajas,0.7,20260828,cimeria,ECONÓMICA,33,0.6667,13,611.72,20,405,16,26,0
k_bajas,0.7,20260829,cimeria,ECONÓMICA,34,0.6250,14,557.85,20,407,12,28,0
k_bajas,0.7,20260830,cimeria,ECONÓMICA,200,0.5417,22,884.50,23,1444,11,44,0
k_bajas,0.7,20260831,cimeria,ECONÓMICA,200,0.5000,24,889.60,21,1249,11,48,0
k_bajas,0.7,20260832,cimeria,ECONÓMICA,34,0.6250,14,587.75,20,409,12,28,0
k_bajas,0.7,20260833,cimeria,ECONÓMICA,33,0.6667,13,619.53,20,405,17,26,0
k_bajas,0.7,20260834,cimeria,ECONÓMICA,200,0.5000,16,808.21,23,1416,12,32,0
k_bajas,0.9,20260805,cimeria,ECONÓMICA,200,0.5833,17,916.13,24,1632,13,34,0
k_bajas,0.9,20260806,cimeria,ECONÓMICA,200,0.5833,18,706.08,20,1402,15,36,0
k_bajas,0.9,20260807,cimeria,ECONÓMICA,200,0.5833,12,532.21,18,1418,17,24,0
k_bajas,0.9,20260808,cimeria,ECONÓMICA,200,0.5833,25,1078.58,24,1489,17,50,0
k_bajas,0.9,20260809,cimeria,ECONÓMICA,200,0.5833,26,1049.95,24,1491,18,52,0
k_bajas,0.9,20260810,cimeria,ECONÓMICA,200,0.5833,19,763.80,20,1405,15,38,0
k_bajas,0.9,20260811,cimeria,ECONÓMICA,200,0.5833,12,516.55,18,1418,17,24,0
k_bajas,0.9,20260812,cimeria,ECONÓMICA,200,0.5417,19,876.85,24,1621,11,38,0
k_bajas,0.9,20260813,cimeria,ECONÓMICA,34,0.6250,14,569.97,20,409,12,28,0
k_bajas,0.9,20260814,cimeria,ECONÓMICA,200,0.5833,15,638.23,22,1395,14,30,0
k_bajas,0.9,20260815,cimeria,ECONÓMICA,34,0.6250,14,577.15,20,409,12,28,0
k_bajas,0.9,20260816,cimeria,ECONÓMICA,200,0.5417,17,936.72,58,1635,12,34,0
k_bajas,0.9,20260817,cimeria,ECONÓMICA,34,0.6250,14,578.71,20,414,12,28,0
k_bajas,0.9,20260818,cimeria,ECONÓMICA,37,0.6667,18,710.63,20,433,13,36,0
k_bajas,0.9,20260819,cimeria,ECONÓMICA,200,0.5417,18,940.07,25,1420,9,36,0
k_bajas,0.9,20260820,cimeria,ECONÓMICA,200,0.5417,22,1172.66,24,1603,17,44,0
k_bajas,0.9,20260821,cimeria,ECONÓMICA,200,0.5833,18,729.51,20,1402,15,36,0
k_bajas,0.9,20260822,cimeria,ECONÓMICA,34,0.6250,14,556.08,20,409,12,28,0
k_bajas,0.9,20260823,cimeria,ECONÓMICA,200,0.5417,21,1071.59,24,1437,15,42,0
k_bajas,0.9,20260824,cimeria,ECONÓMICA,34,0.6250,14,597.91,20,409,12,28,0
k_bajas,0.9,20260825,cimeria,ECONÓMICA,34,0.6250,14,582.09,20,409,12,28,0
k_bajas,0.9,20260826,cimeria,ECONÓMICA,34,0.6250,14,599.21,20,409,12,28,0
k_bajas,0.9,20260827,cimeria,ECONÓMICA,200,0.5417,17,910.38,58,1635,12,34,0
k_bajas,0.9,20260828,cimeria,ECONÓMICA,34,0.6250,14,591.09,20,416,12,28,0
k_bajas,0.9,20260829,cimeria,ECONÓMICA,200,0.5833,15,971.38,30,1570,18,30,0
k_bajas,0.9,20260830,cimeria,ECONÓMICA,200,0.5000,20,1050.54,23,1603,15,40,0
k_bajas,0.9,20260831,cimeria,ECONÓMICA,200,0.5417,22,1218.19,24,1603,17,44,0
k_bajas,0.9,20260832,cimeria,ECONÓMICA,34,0.6250,14,565.41,20,416,12,28,0
k_bajas,0.9,20260833,cimeria,ECONÓMICA,34,0.6250,14,599.36,20,409,12,28,0
k_bajas,0.9,20260834,cimeria,ECONÓMICA,200,0.5833,26,1064.15,24,1491,16,52,0
