experimento,parametro,valor,semilla,ganador,turnos,revueltas,provincias_ganador,tropas_ganador
fortificacion,fortDefenseBonus,0,1000,galia,30,0,18,34174
fortificacion,fortDefenseBonus,0,1001,galia,30,0,18,34174
fortificacion,fortDefenseBonus,0,1002,galia,30,0,18,34174
fortificacion,fortDefenseBonus,0,1003,galia,30,0,18,34174
fortificacion,fortDefenseBonus,0,1004,galia,30,0,18,34174
fortificacion,fortDefenseBonus,0,1005,galia,30,0,18,34174
fortificacion,fortDefenseBonus,0,1006,galia,30,0,18,34174
fortificacion,fortDefenseBonus,0,1007,galia,30,0,18,34174
fortificacion,fortDefenseBonus,0,1008,galia,30,0,18,34174
fortificacion,fortDefenseBonus,0,1009,galia,30,0,18,34174
fortificacion,fortDefenseBonus,0,1010,galia,30,0,18,34174
fortificacion,fortDefenseBonus,0,1011,galia,30,0,18,34174
fortificacion,fortDefenseBonus,0,1012,galia,30,0,18,34174
fortificacion,fortDefenseBonus,0,1013,galia,30,0,18,34174
fortificacion,fortDefenseBonus,0,1014,galia,30,0,18,34174
fortificacion,fortDefenseBonus,0,1015,galia,30,0,18,34174
fortificacion,fortDefenseBonus,0,1016,galia,30,0,18,34174
fortificacion,fortDefenseBonus,0,1017,galia,30,0,18,34174
fortificacion,fortDefenseBonus,0,1018,galia,30,0,18,34174
fortificacion,fortDefenseBonus,0,1019,galia,30,0,18,34174
fortificacion,fortDefenseBonus,0,1020,galia,30,0,18,34174
fortificacion,fortDefenseBonus,0,1021,galia,30,0,18,34174
fortificacion,fortDefenseBonus,0,1022,galia,30,0,18,34174
fortificacion,fortDefenseBonus,0,1023,galia,30,0,18,34174
fortificacion,fortDefenseBonus,0,1024,galia,30,0,18,34174
fortificacion,fortDefenseBonus,0,1025,galia,30,0,18,34174
fortificacion,fortDefenseBonus,0,1026,galia,30,0,18,34174
fortificacion,fortDefenseBonus,0,1027,galia,30,0,18,34174
fortificacion,fortDefenseBonus,0,1028,galia,30,0,18,34174
fortificacion,fortDefenseBonus,0,1029,galia,30,0,18,34174
fortificacion,fortDefenseBonus,0,1030,galia,30,0,18,34174
fortificacion,fortDefenseBonus,0,1031,galia,30,0,18,34174
fortificacion,fortDefenseBonus,0,1032,galia,30,0,18,34174
fortificacion,fortDefenseBonus,0,1033,galia,30,0,18,34174
fortificacion,fortDefenseBonus,0,1034,galia,30,0,18,34174
fortificacion,fortDefenseBonus,0,1035,galia,30,0,18,34174
fortificacion,fortDefenseBonus,0,1036,galia,30,0,18,34174
fortificacion,fortDefenseBonus,0,1037,galia,30,0,18,34174
fortificacion,fortDefenseBonus,0,1038,galia,30,0,18,34174
fortificacion,fortDefenseBonus,0,1039,galia,30,0,18,34174
fortificacion,fortDefenseBonus,0,1040,galia,30,0,18,34174
fortificacion,fortDefenseBonus,0,1041,galia,30,0,18,34174
fortificacion,fortDefenseBonus,0,1042,galia,30,0,18,34174
fortificacion,fortDefenseBonus,0,1043,galia,30,0,18,34174
fortificacion,fortDefenseBonus,0,1044,galia,30,0,18,34174
fortificacion,fortDefenseBonus,0,1045,galia,30,0,18,34174
fortificacion,fortDefenseBonus,0,1046,galia,30,0,18,34174
fortificacion,fortDefenseBonus,0,1047,galia,30,0,18,34174
fortificacion,fortDefenseBonus,0,1048,galia,30,0,18,34174
fortificacion,fortDefenseBonus,0,1049,galia,30,0,18,34174
fortificacion,fortDefenseBonus,0,1050,galia,30,0,18,34174
fortificacion,fortDefenseBonus,0,1051,galia,30,0,18,34174
fortificacion,fortDefenseBonus,0,1052,galia,30,0,18,34174
fortificacion,fortDefenseBonus,0,1053,galia,30,0,18,34174
fortificacion,fortDefenseBonus,0,1054,galia,30,0,18,34174
fortificacion,fortDefenseBonus,0,1055,galia,30,0,18,34174
fortificacion,fortDefenseBonus,0,1056,galia,30,0,18,34174
fortificacion,fortDefenseBonus,0,1057,galia,30,0,18,34174
fortificacion,fortDefenseBonus,0,1058,galia,30,0,18,34174
fortificacion,fortDefenseBonus,0,1059,galia,30,0,18,34174
fortificacion,fortDefenseBonus,0,1060,galia,30,0,18,34174
fortificacion,fortDefenseBonus,0,1061,galia,30,0,18,34174
fortificacion,fortDefenseBonus,0,1062,galia,30,0,18,34174
fortificacion,fortDefenseBonus,0,1063,galia,30,0,18,34174
fortificacion,fortDefenseBonus,0,1064,galia,30,0,18,34174
fortificacion,fortDefenseBonus,0,1065,galia,30,0,18,34174
fortificacion,fortDefenseBonus,0,1066,galia,30,0,18,34174
fortificacion,fortDefenseBonus,0,1067,galia,30,0,18,34174
fortificacion,fortDefenseBonus,0,1068,galia,30,0,18,34174
fortificacion,fortDefenseBonus,0,1069,galia,30,0,18,34174
fortificacion,fortDefenseBonus,0,1070,galia,30,0,18,34174
fortificacion,fortDefenseBonus,0,1071,galia,30,0,18,34174
fortificacion,fortDefenseBonus,0,1072,galia,30,0,18,34174
fortificacion,fortDefenseBonus,0,1073,galia,30,0,18,34174
fortificacion,fortDefenseBonus,0,1074,galia,30,0,18,34174
fortificacion,fortDefenseBonus,0,1075,galia,30,0,18,34174
fortificacion,fortDefenseBonus,0,1076,galia,30,0,18,34174
fortificacion,fortDefenseBonus,0,1077,galia,30,0,18,34174
fortificacion,fortDefenseBonus,0,1078,galia,30,0,18,34174
fortificacion,fortDefenseBonus,0,1079,galia,30,0,18,34174
fortificacion,fortDefenseBonus,0,1080,galia,30,0,18,34174
fortificacion,fortDefenseBonus,0,1081,galia,30,0,18,34174
fortificacion,fortDefenseBonus,0,1082,galia,30,0,18,34174
fortificacion,fortDefenseBonus,0,1083,galia,30,0,18,34174
fortificacion,fortDefenseBonus,0,1084,galia,30,0,18,34174
fortificacion,fortDefenseBonus,0,1085,galia,30,0,18,34174
fortificacion,fortDefenseBonus,0,1086,galia,30,0,18,34174
fortificacion,fortDefenseBonus,0,1087,galia,30,0,18,34174
fortificacion,fortDefenseBonus,0,1088,galia,30,0,18,34174
fortificacion,fortDefenseBonus,0,1089,galia,30,0,18,34174
fortificacion,fortDefenseBonus,0,1090,galia,30,0,18,34174
fortificacion,fortDefenseBonus,0,1091,galia,30,0,18,34174
fortificacion,fortDefenseBonus,0,1092,galia,30,0,18,34174
fortificacion,fortDefenseBonus,0,1093,galia,30,0,18,34174
fortificacion,fortDefenseBonus,0,1094,galia,30,0,18,34174
fortificacion,fortDefenseBonus,0,1095,galia,30,0,18,34174
fortificacion,fortDefenseBonus,0,1096,galia,30,0,18,34174
fortificacion,fortDefenseBonus,0,1097,galia,30,0,18,34174
fortificacion,fortDefenseBonus,0,1098,galia,30,0,18,34174
fortificacion,fortDefenseBonus,0,1099,galia,30,0,18,34174
fortificacion,fortDefenseBonus,0.25,1000,galia,34,0,18,29921
fortificacion,fortDefenseBonus,0.25,1001,galia,34,0,18,29921
fortificacion,fortDefenseBonus,0.25,1002,galia,34,0,18,29921
fortificacion,fortDefenseBonus,0.25,1003,galia,34,0,18,29921
fortificacion,fortDefenseBonus,0.25,1004,galia,34,0,18,29921
fortificacion,fortDefenseBonus,0.25,1005,galia,34,0,18,29921
fortificacion,fortDefenseBonus,0.25,1006,galia,34,0,18,29921
fortificacion,fortDefenseBonus,0.25,1007,galia,34,0,18,29921
fortificacion,fortDefenseBonus,0.25,1008,galia,34,0,18,29921
fortificacion,fortDefenseBonus,0.25,1009,galia,34,0,18,29921
fortificacion,fortDefenseBonus,0.25,1010,galia,34,0,18,29921
fortificacion,fortDefenseBonus,0.25,1011,galia,34,0,18,29921
fortificacion,fortDefenseBonus,0.25,1012,galia,34,0,18,29921
fortificacion,fortDefenseBonus,0.25,1013,galia,34,0,18,29921
fortificacion,fortDefenseBonus,0.25,1014,galia,34,0,18,29921
fortificacion,fortDefenseBonus,0.25,1015,galia,34,0,18,29921
fortificacion,fortDefenseBonus,0.25,1016,galia,34,0,18,29921
fortificacion,fortDefenseBonus,0.25,1017,galia,34,0,18,29921
fortificacion,fortDefenseBonus,0.25,1018,galia,34,0,18,29921
fortificacion,fortDefenseBonus,0.25,1019,galia,34,0,18,29921
fortificacion,fortDefenseBonus,0.25,1020,galia,34,0,18,29921
fortificacion,fortDefenseBonus,0.25,1021,galia,34,0,18,29921
fortificacion,fortDefenseBonus,0.25,1022,galia,34,0,18,29921
fortificacion,fortDefenseBonus,0.25,1023,galia,34,0,18,29921
fortificacion,fortDefenseBonus,0.25,1024,galia,34,0,18,29921
fortificacion,fortDefenseBonus,0.25,1025,galia,34,0,18,29921
fortificacion,fortDefenseBonus,0.25,1026,galia,34,0,18,29921
fortificacion,fortDefenseBonus,0.25,1027,galia,34,0,18,29921
fortificacion,fortDefenseBonus,0.25,1028,galia,34,0,18,29921
fortificacion,fortDefenseBonus,0.25,1029,galia,34,0,18,29921
fortificacion,fortDefenseBonus,0.25,1030,galia,34,0,18,29921
fortificacion,fortDefenseBonus,0.25,1031,galia,34,0,18,29921
fortificacion,fortDefenseBonus,0.25,1032,galia,34,0,18,29921
fortificacion,fortDefenseBonus,0.25,1033,galia,34,0,18,29921
fortificacion,fortDefenseBonus,0.25,1034,galia,34,0,18,29921
fortificacion,fortDefenseBonus,0.25,1035,galia,34,1,17,29920
fortificacion,fortDefenseBonus,0.25,1036,galia,34,0,18,29921
fortificacion,fortDefenseBonus,0.25,1037,galia,34,0,18,29921
fortificacion,fortDefenseBonus,0.25,1038,galia,34,0,18,29921
fortificacion,fortDefenseBonus,0.25,1039,galia,34,0,18,29921
fortificacion,fortDefenseBonus,0.25,1040,galia,34,0,18,29921
fortificacion,fortDefenseBonus,0.25,1041,galia,34,0,18,29921
fortificacion,fortDefenseBonus,0.25,1042,galia,34,0,18,29921
fortificacion,fortDefenseBonus,0.25,1043,galia,34,0,18,29921
fortificacion,fortDefenseBonus,0.25,1044,galia,34,0,18,29921
fortificacion,fortDefenseBonus,0.25,1045,galia,32,1,18,28573
fortificacion,fortDefenseBonus,0.25,1046,galia,34,0,18,29921
fortificacion,fortDefenseBonus,0.25,1047,galia,34,0,18,29921
fortificacion,fortDefenseBonus,0.25,1048,galia,34,1,17,29920
fortificacion,fortDefenseBonus,0.25,1049,galia,34,0,18,29921
fortificacion,fortDefenseBonus,0.25,1050,galia,34,1,18,30333
fortificacion,fortDefenseBonus,0.25,1051,galia,34,0,18,29921
fortificacion,fortDefenseBonus,0.25,1052,galia,34,0,18,29921
fortificacion,fortDefenseBonus,0.25,1053,galia,34,0,18,29921
fortificacion,fortDefenseBonus,0.25,1054,galia,34,0,18,29921
fortificacion,fortDefenseBonus,0.25,1055,galia,34,0,18,29921
fortificacion,fortDefenseBonus,0.25,1056,galia,34,0,18,29921
fortificacion,fortDefenseBonus,0.25,1057,galia,34,0,18,29921
fortificacion,fortDefenseBonus,0.25,1058,galia,34,0,18,29921
fortificacion,fortDefenseBonus,0.25,1059,galia,34,0,18,29921
fortificacion,fortDefenseBonus,0.25,1060,galia,34,0,18,29921
fortificacion,fortDefenseBonus,0.25,1061,galia,34,0,18,29921
fortificacion,fortDefenseBonus,0.25,1062,galia,34,0,18,29921
fortificacion,fortDefenseBonus,0.25,1063,galia,34,0,18,29921
fortificacion,fortDefenseBonus,0.25,1064,galia,34,0,18,29921
fortificacion,fortDefenseBonus,0.25,1065,galia,34,0,18,29921
fortificacion,fortDefenseBonus,0.25,1066,galia,34,0,18,29921
fortificacion,fortDefenseBonus,0.25,1067,galia,34,0,18,29921
fortificacion,fortDefenseBonus,0.25,1068,galia,34,0,18,29921
fortificacion,fortDefenseBonus,0.25,1069,galia,34,0,18,29921
fortificacion,fortDefenseBonus,0.25,1070,galia,34,0,18,29921
fortificacion,fortDefenseBonus,0.25,1071,galia,34,0,18,29921
fortificacion,fortDefenseBonus,0.25,1072,galia,34,0,18,29921
fortificacion,fortDefenseBonus,0.25,1073,galia,34,0,18,29921
fortificacion,fortDefenseBonus,0.25,1074,galia,34,0,18,29921
fortificacion,fortDefenseBonus,0.25,1075,galia,34,0,18,29921
fortificacion,fortDefenseBonus,0.25,1076,galia,34,0,18,29921
fortificacion,fortDefenseBonus,0.25,1077,galia,34,0,18,29921
fortificacion,fortDefenseBonus,0.25,1078,galia,34,0,18,29921
fortificacion,fortDefenseBonus,0.25,1079,galia,34,0,18,29921
fortificacion,fortDefenseBonus,0.25,1080,galia,34,0,18,29921
fortificacion,fortDefenseBonus,0.25,1081,galia,34,0,18,29921
fortificacion,fortDefenseBonus,0.25,1082,galia,34,0,18,29921
fortificacion,fortDefenseBonus,0.25,1083,galia,34,0,18,29921
fortificacion,fortDefenseBonus,0.25,1084,galia,34,0,18,29921
fortificacion,fortDefenseBonus,0.25,1085,galia,34,0,18,29921
fortificacion,fortDefenseBonus,0.25,1086,galia,34,0,18,29921
fortificacion,fortDefenseBonus,0.25,1087,galia,34,0,18,29921
fortificacion,fortDefenseBonus,0.25,1088,galia,34,0,18,29921
fortificacion,fortDefenseBonus,0.25,1089,galia,34,1,18,29354
fortificacion,fortDefenseBonus,0.25,1090,galia,34,0,18,29921
fortificacion,fortDefenseBonus,0.25,1091,galia,34,0,18,29921
fortificacion,fortDefenseBonus,0.25,1092,galia,34,0,18,29921
fortificacion,fortDefenseBonus,0.25,1093,galia,34,0,18,29921
fortificacion,fortDefenseBonus,0.25,1094,galia,42,1,18,34249
fortificacion,fortDefenseBonus,0.25,1095,galia,34,0,18,29921
fortificacion,fortDefenseBonus,0.25,1096,galia,34,0,18,29921
fortificacion,fortDefenseBonus,0.25,1097,galia,34,0,18,29921
fortificacion,fortDefenseBonus,0.25,1098,galia,34,0,18,29921
fortificacion,fortDefenseBonus,0.25,1099,galia,34,0,18,29921
fortificacion,fortDefenseBonus,0.5,1000,galia,38,1,18,25216
fortificacion,fortDefenseBonus,0.5,1001,galia,42,0,18,28927
fortificacion,fortDefenseBonus,0.5,1002,galia,42,0,18,28927
fortificacion,fortDefenseBonus,0.5,1003,galia,42,0,18,28927
fortificacion,fortDefenseBonus,0.5,1004,galia,42,0,18,28927
fortificacion,fortDefenseBonus,0.5,1005,galia,42,0,18,28927
fortificacion,fortDefenseBonus,0.5,1006,galia,42,0,18,28927
fortificacion,fortDefenseBonus,0.5,1007,galia,42,0,18,28927
fortificacion,fortDefenseBonus,0.5,1008,galia,42,0,18,28927
fortificacion,fortDefenseBonus,0.5,1009,galia,42,0,18,28927
fortificacion,fortDefenseBonus,0.5,1010,galia,42,0,18,28927
fortificacion,fortDefenseBonus,0.5,1011,galia,42,0,18,28927
fortificacion,fortDefenseBonus,0.5,1012,galia,42,0,18,28927
fortificacion,fortDefenseBonus,0.5,1013,galia,42,0,18,28927
fortificacion,fortDefenseBonus,0.5,1014,galia,42,0,18,28927
fortificacion,fortDefenseBonus,0.5,1015,galia,42,0,18,28927
fortificacion,fortDefenseBonus,0.5,1016,galia,42,0,18,28927
fortificacion,fortDefenseBonus,0.5,1017,galia,42,0,18,28927
fortificacion,fortDefenseBonus,0.5,1018,galia,42,0,18,28927
fortificacion,fortDefenseBonus,0.5,1019,galia,42,0,18,28927
fortificacion,fortDefenseBonus,0.5,1020,galia,42,0,18,28927
fortificacion,fortDefenseBonus,0.5,1021,galia,38,1,18,25252
fortificacion,fortDefenseBonus,0.5,1022,galia,42,0,18,28927
fortificacion,fortDefenseBonus,0.5,1023,galia,42,0,18,28927
fortificacion,fortDefenseBonus,0.5,1024,galia,42,0,18,28927
fortificacion,fortDefenseBonus,0.5,1025,galia,42,1,18,14649
fortificacion,fortDefenseBonus,0.5,1026,galia,42,1,17,28926
fortificacion,fortDefenseBonus,0.5,1027,galia,42,0,18,28927
fortificacion,fortDefenseBonus,0.5,1028,galia,42,0,18,28927
fortificacion,fortDefenseBonus,0.5,1029,galia,42,0,18,28927
fortificacion,fortDefenseBonus,0.5,1030,galia,42,0,18,28927
fortificacion,fortDefenseBonus,0.5,1031,galia,42,0,18,28927
fortificacion,fortDefenseBonus,0.5,1032,galia,42,0,18,28927
fortificacion,fortDefenseBonus,0.5,1033,galia,42,0,18,28927
fortificacion,fortDefenseBonus,0.5,1034,galia,42,0,18,28927
fortificacion,fortDefenseBonus,0.5,1035,galia,46,1,18,25775
fortificacion,fortDefenseBonus,0.5,1036,galia,42,0,18,28927
fortificacion,fortDefenseBonus,0.5,1037,galia,42,0,18,28927
fortificacion,fortDefenseBonus,0.5,1038,galia,42,0,18,28927
fortificacion,fortDefenseBonus,0.5,1039,galia,42,0,18,28927
fortificacion,fortDefenseBonus,0.5,1040,galia,42,0,18,28927
fortificacion,fortDefenseBonus,0.5,1041,galia,42,0,18,28927
fortificacion,fortDefenseBonus,0.5,1042,galia,42,0,18,28927
fortificacion,fortDefenseBonus,0.5,1043,galia,42,0,18,28927
fortificacion,fortDefenseBonus,0.5,1044,galia,42,0,18,28927
fortificacion,fortDefenseBonus,0.5,1045,grecia,48,2,16,31039
fortificacion,fortDefenseBonus,0.5,1046,galia,42,0,18,28927
fortificacion,fortDefenseBonus,0.5,1047,galia,42,0,18,28927
fortificacion,fortDefenseBonus,0.5,1048,galia,38,2,17,23267
fortificacion,fortDefenseBonus,0.5,1049,galia,38,1,18,25252
fortificacion,fortDefenseBonus,0.5,1050,galia,46,1,18,23307
fortificacion,fortDefenseBonus,0.5,1051,galia,42,0,18,28927
fortificacion,fortDefenseBonus,0.5,1052,galia,42,0,18,28927
fortificacion,fortDefenseBonus,0.5,1053,galia,42,0,18,28927
fortificacion,fortDefenseBonus,0.5,1054,galia,42,0,18,28927
fortificacion,fortDefenseBonus,0.5,1055,galia,42,0,18,28927
fortificacion,fortDefenseBonus,0.5,1056,galia,42,0,18,28927
fortificacion,fortDefenseBonus,0.5,1057,galia,42,0,18,28927
fortificacion,fortDefenseBonus,0.5,1058,galia,42,0,18,28927
fortificacion,fortDefenseBonus,0.5,1059,galia,42,0,18,28927
fortificacion,fortDefenseBonus,0.5,1060,galia,42,0,18,28927
fortificacion,fortDefenseBonus,0.5,1061,galia,42,0,18,28927
fortificacion,fortDefenseBonus,0.5,1062,galia,38,1,18,25252
fortificacion,fortDefenseBonus,0.5,1063,galia,42,0,18,28927
fortificacion,fortDefenseBonus,0.5,1064,galia,42,0,18,28927
fortificacion,fortDefenseBonus,0.5,1065,galia,42,0,18,28927
fortificacion,fortDefenseBonus,0.5,1066,galia,42,0,18,28927
fortificacion,fortDefenseBonus,0.5,1067,galia,42,0,18,28927
fortificacion,fortDefenseBonus,0.5,1068,galia,42,0,18,28927
fortificacion,fortDefenseBonus,0.5,1069,galia,42,0,18,28927
fortificacion,fortDefenseBonus,0.5,1070,galia,42,0,18,28927
fortificacion,fortDefenseBonus,0.5,1071,galia,42,0,18,28927
fortificacion,fortDefenseBonus,0.5,1072,galia,42,0,18,28927
fortificacion,fortDefenseBonus,0.5,1073,galia,42,0,18,28927
fortificacion,fortDefenseBonus,0.5,1074,galia,42,0,18,28927
fortificacion,fortDefenseBonus,0.5,1075,galia,42,0,18,28927
fortificacion,fortDefenseBonus,0.5,1076,galia,42,0,18,28927
fortificacion,fortDefenseBonus,0.5,1077,galia,42,0,18,28927
fortificacion,fortDefenseBonus,0.5,1078,galia,42,0,18,28927
fortificacion,fortDefenseBonus,0.5,1079,galia,42,0,18,28927
fortificacion,fortDefenseBonus,0.5,1080,galia,42,0,18,28927
fortificacion,fortDefenseBonus,0.5,1081,galia,42,0,18,28927
fortificacion,fortDefenseBonus,0.5,1082,galia,42,0,18,28927
fortificacion,fortDefenseBonus,0.5,1083,galia,42,0,18,28927
fortificacion,fortDefenseBonus,0.5,1084,galia,42,0,18,28927
fortificacion,fortDefenseBonus,0.5,1085,galia,42,0,18,28927
fortificacion,fortDefenseBonus,0.5,1086,galia,42,0,18,28927
fortificacion,fortDefenseBonus,0.5,1087,galia,38,1,18,25216
fortificacion,fortDefenseBonus,0.5,1088,galia,42,0,18,28927
fortificacion,fortDefenseBonus,0.5,1089,galia,41,1,18,28956
fortificacion,fortDefenseBonus,0.5,1090,galia,39,1,18,28555
fortificacion,fortDefenseBonus,0.5,1091,galia,42,0,18,28927
fortificacion,fortDefenseBonus,0.5,1092,galia,42,0,18,28927
fortificacion,fortDefenseBonus,0.5,1093,galia,42,0,18,28927
fortificacion,fortDefenseBonus,0.5,1094,galia,42,0,18,28927
fortificacion,fortDefenseBonus,0.5,1095,galia,42,0,18,28927
fortificacion,fortDefenseBonus,0.5,1096,galia,42,0,18,28927
fortificacion,fortDefenseBonus,0.5,1097,galia,42,0,18,28927
fortificacion,fortDefenseBonus,0.5,1098,galia,42,0,18,28927
fortificacion,fortDefenseBonus,0.5,1099,galia,42,0,18,28927
fortificacion,fortDefenseBonus,0.75,1000,galia,38,0,7,8534
fortificacion,fortDefenseBonus,0.75,1001,galia,38,0,7,8534
fortificacion,fortDefenseBonus,0.75,1002,galia,38,0,7,8534
fortificacion,fortDefenseBonus,0.75,1003,galia,38,0,7,8534
fortificacion,fortDefenseBonus,0.75,1004,galia,38,0,7,8534
fortificacion,fortDefenseBonus,0.75,1005,galia,38,0,7,8534
fortificacion,fortDefenseBonus,0.75,1006,galia,38,1,6,8533
fortificacion,fortDefenseBonus,0.75,1007,galia,38,0,7,8534
fortificacion,fortDefenseBonus,0.75,1008,galia,38,0,7,8534
fortificacion,fortDefenseBonus,0.75,1009,galia,39,1,7,3290
fortificacion,fortDefenseBonus,0.75,1010,grecia,43,1,15,32091
fortificacion,fortDefenseBonus,0.75,1011,galia,38,1,6,8533
fortificacion,fortDefenseBonus,0.75,1012,galia,38,0,7,8534
fortificacion,fortDefenseBonus,0.75,1013,galia,38,0,7,8534
fortificacion,fortDefenseBonus,0.75,1014,galia,38,0,7,8534
fortificacion,fortDefenseBonus,0.75,1015,galia,38,0,7,8534
fortificacion,fortDefenseBonus,0.75,1016,galia,38,0,7,8534
fortificacion,fortDefenseBonus,0.75,1017,galia,38,0,7,8534
fortificacion,fortDefenseBonus,0.75,1018,galia,38,0,7,8534
fortificacion,fortDefenseBonus,0.75,1019,galia,32,1,18,30380
fortificacion,fortDefenseBonus,0.75,1020,galia,38,0,7,8534
fortificacion,fortDefenseBonus,0.75,1021,galia,38,0,7,8534
fortificacion,fortDefenseBonus,0.75,1022,galia,38,1,6,8533
fortificacion,fortDefenseBonus,0.75,1023,galia,38,1,7,8395
fortificacion,fortDefenseBonus,0.75,1024,galia,38,0,7,8534
fortificacion,fortDefenseBonus,0.75,1025,galia,38,0,7,8534
fortificacion,fortDefenseBonus,0.75,1026,galia,38,0,7,8534
fortificacion,fortDefenseBonus,0.75,1027,galia,38,0,7,8534
fortificacion,fortDefenseBonus,0.75,1028,galia,38,0,7,8534
fortificacion,fortDefenseBonus,0.75,1029,galia,38,0,7,8534
fortificacion,fortDefenseBonus,0.75,1030,galia,38,0,7,8534
fortificacion,fortDefenseBonus,0.75,1031,galia,38,0,7,8534
fortificacion,fortDefenseBonus,0.75,1032,galia,38,0,7,8534
fortificacion,fortDefenseBonus,0.75,1033,galia,38,0,7,8534
fortificacion,fortDefenseBonus,0.75,1034,galia,38,0,7,8534
fortificacion,fortDefenseBonus,0.75,1035,grecia,43,1,15,32091
fortificacion,fortDefenseBonus,0.75,1036,grecia,43,2,14,32340
fortificacion,fortDefenseBonus,0.75,1037,grecia,86,2,18,30044
fortificacion,fortDefenseBonus,0.75,1038,galia,38,0,7,8534
fortificacion,fortDefenseBonus,0.75,1039,galia,38,0,7,8534
fortificacion,fortDefenseBonus,0.75,1040,galia,38,0,7,8534
fortificacion,fortDefenseBonus,0.75,1041,galia,38,1,6,8533
fortificacion,fortDefenseBonus,0.75,1042,galia,38,0,7,8534
fortificacion,fortDefenseBonus,0.75,1043,galia,38,0,7,8534
fortificacion,fortDefenseBonus,0.75,1044,galia,38,0,7,8534
fortificacion,fortDefenseBonus,0.75,1045,galia,35,1,18,34281
fortificacion,fortDefenseBonus,0.75,1046,galia,38,0,7,8534
fortificacion,fortDefenseBonus,0.75,1047,galia,38,0,7,8534
fortificacion,fortDefenseBonus,0.75,1048,galia,39,1,7,3290
fortificacion,fortDefenseBonus,0.75,1049,galia,38,0,7,8534
fortificacion,fortDefenseBonus,0.75,1050,galia,31,1,18,28862
fortificacion,fortDefenseBonus,0.75,1051,galia,38,0,7,8534
fortificacion,fortDefenseBonus,0.75,1052,galia,38,0,7,8534
fortificacion,fortDefenseBonus,0.75,1053,galia,38,1,6,8533
fortificacion,fortDefenseBonus,0.75,1054,galia,38,0,7,8534
fortificacion,fortDefenseBonus,0.75,1055,galia,38,0,7,8534
fortificacion,fortDefenseBonus,0.75,1056,galia,38,0,7,8534
fortificacion,fortDefenseBonus,0.75,1057,grecia,32,1,2,3626
fortificacion,fortDefenseBonus,0.75,1058,galia,38,0,7,8534
fortificacion,fortDefenseBonus,0.75,1059,galia,38,0,7,8534
fortificacion,fortDefenseBonus,0.75,1060,galia,38,1,6,8533
fortificacion,fortDefenseBonus,0.75,1061,galia,38,0,7,8534
fortificacion,fortDefenseBonus,0.75,1062,galia,38,0,7,8534
fortificacion,fortDefenseBonus,0.75,1063,galia,38,0,7,8534
fortificacion,fortDefenseBonus,0.75,1064,galia,38,0,7,8534
fortificacion,fortDefenseBonus,0.75,1065,galia,38,0,7,8534
fortificacion,fortDefenseBonus,0.75,1066,galia,38,0,7,8534
fortificacion,fortDefenseBonus,0.75,1067,galia,38,0,7,8534
fortificacion,fortDefenseBonus,0.75,1068,galia,38,0,7,8534
fortificacion,fortDefenseBonus,0.75,1069,galia,38,0,7,8534
fortificacion,fortDefenseBonus,0.75,1070,galia,38,0,7,8534
fortificacion,fortDefenseBonus,0.75,1071,grecia,43,1,15,32091
fortificacion,fortDefenseBonus,0.75,1072,galia,38,0,7,8534
fortificacion,fortDefenseBonus,0.75,1073,galia,38,1,6,8533
fortificacion,fortDefenseBonus,0.75,1074,galia,38,0,7,8534
fortificacion,fortDefenseBonus,0.75,1075,galia,38,0,7,8534
fortificacion,fortDefenseBonus,0.75,1076,galia,38,0,7,8534
fortificacion,fortDefenseBonus,0.75,1077,galia,39,1,7,3290
fortificacion,fortDefenseBonus,0.75,1078,galia,38,0,7,8534
fortificacion,fortDefenseBonus,0.75,1079,galia,38,0,7,8534
fortificacion,fortDefenseBonus,0.75,1080,galia,38,1,6,8533
fortificacion,fortDefenseBonus,0.75,1081,galia,38,0,7,8534
fortificacion,fortDefenseBonus,0.75,1082,galia,38,0,7,8534
fortificacion,fortDefenseBonus,0.75,1083,galia,38,0,7,8534
fortificacion,fortDefenseBonus,0.75,1084,galia,38,0,7,8534
fortificacion,fortDefenseBonus,0.75,1085,galia,38,0,7,8534
fortificacion,fortDefenseBonus,0.75,1086,galia,38,0,7,8534
fortificacion,fortDefenseBonus,0.75,1087,galia,38,0,7,8534
fortificacion,fortDefenseBonus,0.75,1088,galia,38,1,6,8533
fortificacion,fortDefenseBonus,0.75,1089,galia,38,1,7,9008
fortificacion,fortDefenseBonus,0.75,1090,galia,71,5,17,25316
fortificacion,fortDefenseBonus,0.75,1091,galia,38,0,7,8534
fortificacion,fortDefenseBonus,0.75,1092,galia,38,1,6,8533
fortificacion,fortDefenseBonus,0.75,1093,galia,38,1,6,8533
fortificacion,fortDefenseBonus,0.75,1094,galia,33,1,18,32370
fortificacion,fortDefenseBonus,0.75,1095,grecia,32,1,2,3626
fortificacion,fortDefenseBonus,0.75,1096,galia,38,1,6,8533
fortificacion,fortDefenseBonus,0.75,1097,galia,38,0,7,8534
fortificacion,fortDefenseBonus,0.75,1098,galia,38,0,7,8534
fortificacion,fortDefenseBonus,0.75,1099,galia,38,0,7,8534
fortificacion,fortDefenseBonus,1,1000,cartago,150,2,11,81630
fortificacion,fortDefenseBonus,1,1001,cartago,54,2,13,48666
fortificacion,fortDefenseBonus,1,1002,cartago,150,1,11,78464
fortificacion,fortDefenseBonus,1,1003,cartago,150,0,11,80994
fortificacion,fortDefenseBonus,1,1004,cartago,150,2,11,78323
fortificacion,fortDefenseBonus,1,1005,cartago,53,1,14,48669
fortificacion,fortDefenseBonus,1,1006,grecia,66,2,15,22902
fortificacion,fortDefenseBonus,1,1007,cartago,150,2,11,81907
fortificacion,fortDefenseBonus,1,1008,cartago,150,3,11,81619
fortificacion,fortDefenseBonus,1,1009,cartago,150,1,11,80853
fortificacion,fortDefenseBonus,1,1010,cartago,150,0,11,80994
fortificacion,fortDefenseBonus,1,1011,cartago,84,2,17,26365
fortificacion,fortDefenseBonus,1,1012,cartago,150,0,11,80994
fortificacion,fortDefenseBonus,1,1013,cartago,150,2,11,80853
fortificacion,fortDefenseBonus,1,1014,cartago,150,1,11,81706
fortificacion,fortDefenseBonus,1,1015,grecia,106,1,17,69357
fortificacion,fortDefenseBonus,1,1016,cartago,150,0,11,80994
fortificacion,fortDefenseBonus,1,1017,cartago,150,2,11,82181
fortificacion,fortDefenseBonus,1,1018,grecia,134,2,18,48058
fortificacion,fortDefenseBonus,1,1019,cartago,150,1,11,82223
fortificacion,fortDefenseBonus,1,1020,cartago,150,2,11,82238
fortificacion,fortDefenseBonus,1,1021,cartago,150,5,11,78874
fortificacion,fortDefenseBonus,1,1022,cartago,150,0,11,80994
fortificacion,fortDefenseBonus,1,1023,cartago,150,1,11,80853
fortificacion,fortDefenseBonus,1,1024,cartago,150,0,11,80994
fortificacion,fortDefenseBonus,1,1025,cartago,52,2,13,48669
fortificacion,fortDefenseBonus,1,1026,cartago,73,3,18,23509
fortificacion,fortDefenseBonus,1,1027,grecia,71,3,9,23183
fortificacion,fortDefenseBonus,1,1028,cartago,150,2,11,75796
fortificacion,fortDefenseBonus,1,1029,cartago,150,0,11,80994
fortificacion,fortDefenseBonus,1,1030,cartago,150,1,11,80994
fortificacion,fortDefenseBonus,1,1031,cartago,54,1,14,48667
fortificacion,fortDefenseBonus,1,1032,cartago,150,0,11,80994
fortificacion,fortDefenseBonus,1,1033,cartago,117,3,17,96479
fortificacion,fortDefenseBonus,1,1034,cartago,150,2,11,81476
fortificacion,fortDefenseBonus,1,1035,grecia,150,2,16,51374
fortificacion,fortDefenseBonus,1,1036,grecia,150,3,14,98962
fortificacion,fortDefenseBonus,1,1037,cartago,108,2,17,85036
fortificacion,fortDefenseBonus,1,1038,grecia,88,3,14,22691
fortificacion,fortDefenseBonus,1,1039,cartago,150,5,10,80013
fortificacion,fortDefenseBonus,1,1040,cartago,150,0,11,80994
fortificacion,fortDefenseBonus,1,1041,grecia,150,3,13,60754
fortificacion,fortDefenseBonus,1,1042,cartago,150,1,11,80853
fortificacion,fortDefenseBonus,1,1043,cartago,150,0,11,80994
fortificacion,fortDefenseBonus,1,1044,cartago,150,0,11,80994
fortificacion,fortDefenseBonus,1,1045,cartago,62,4,6,39126
fortificacion,fortDefenseBonus,1,1046,cartago,150,1,11,80994
fortificacion,fortDefenseBonus,1,1047,cartago,150,2,11,82029
fortificacion,fortDefenseBonus,1,1048,cartago,150,4,11,82094
fortificacion,fortDefenseBonus,1,1049,cartago,150,0,11,80994
fortificacion,fortDefenseBonus,1,1050,cartago,46,1,14,48992
fortificacion,fortDefenseBonus,1,1051,grecia,150,1,16,51386
fortificacion,fortDefenseBonus,1,1052,cartago,150,2,11,82220
fortificacion,fortDefenseBonus,1,1053,cartago,112,2,18,77393
fortificacion,fortDefenseBonus,1,1054,cartago,150,0,11,80994
fortificacion,fortDefenseBonus,1,1055,grecia,150,2,16,51378
fortificacion,fortDefenseBonus,1,1056,cartago,58,1,14,48662
fortificacion,fortDefenseBonus,1,1057,cartago,150,4,11,81598
fortificacion,fortDefenseBonus,1,1058,cartago,150,0,11,80994
fortificacion,fortDefenseBonus,1,1059,cartago,150,0,11,80994
fortificacion,fortDefenseBonus,1,1060,cartago,150,1,11,81691
fortificacion,fortDefenseBonus,1,1061,cartago,150,1,11,78464
fortificacion,fortDefenseBonus,1,1062,cartago,150,2,11,82085
fortificacion,fortDefenseBonus,1,1063,grecia,98,3,16,64170
fortificacion,fortDefenseBonus,1,1064,cartago,150,1,11,81855
fortificacion,fortDefenseBonus,1,1065,cartago,150,1,11,80994
fortificacion,fortDefenseBonus,1,1066,cartago,150,0,11,80994
fortificacion,fortDefenseBonus,1,1067,cartago,150,2,11,80853
fortificacion,fortDefenseBonus,1,1068,cartago,150,1,11,81583
fortificacion,fortDefenseBonus,1,1069,cartago,150,2,11,81314
fortificacion,fortDefenseBonus,1,1070,grecia,104,1,17,64661
fortificacion,fortDefenseBonus,1,1071,cartago,150,0,11,80994
fortificacion,fortDefenseBonus,1,1072,cartago,150,1,11,78464
fortificacion,fortDefenseBonus,1,1073,cartago,150,2,11,80712
fortificacion,fortDefenseBonus,1,1074,cartago,150,1,11,82204
fortificacion,fortDefenseBonus,1,1075,cartago,150,2,11,81489
fortificacion,fortDefenseBonus,1,1076,cartago,150,0,11,80994
fortificacion,fortDefenseBonus,1,1077,cartago,150,1,11,80853
fortificacion,fortDefenseBonus,1,1078,cartago,150,1,11,82219
fortificacion,fortDefenseBonus,1,1079,cartago,150,2,10,59264
fortificacion,fortDefenseBonus,1,1080,cartago,123,2,14,81068
fortificacion,fortDefenseBonus,1,1081,grecia,59,2,11,27535
fortificacion,fortDefenseBonus,1,1082,grecia,150,3,16,51380
fortificacion,fortDefenseBonus,1,1083,grecia,58,3,14,27465
fortificacion,fortDefenseBonus,1,1084,cartago,150,2,11,80853
fortificacion,fortDefenseBonus,1,1085,cartago,150,2,11,80712
fortificacion,fortDefenseBonus,1,1086,cartago,150,0,11,80994
fortificacion,fortDefenseBonus,1,1087,cartago,150,1,11,80994
fortificacion,fortDefenseBonus,1,1088,cartago,150,3,11,82236
fortificacion,fortDefenseBonus,1,1089,cartago,150,1,11,80994
fortificacion,fortDefenseBonus,1,1090,cartago,51,1,14,48671
fortificacion,fortDefenseBonus,1,1091,cartago,150,1,11,80853
fortificacion,fortDefenseBonus,1,1092,cartago,129,4,16,77781
fortificacion,fortDefenseBonus,1,1093,cartago,150,1,11,82223
fortificacion,fortDefenseBonus,1,1094,cartago,150,4,10,80570
fortificacion,fortDefenseBonus,1,1095,cartago,150,2,11,82224
fortificacion,fortDefenseBonus,1,1096,cartago,150,5,12,46279
fortificacion,fortDefenseBonus,1,1097,cartago,150,1,11,81623
fortificacion,fortDefenseBonus,1,1098,cartago,150,1,11,80994
fortificacion,fortDefenseBonus,1,1099,cartago,150,1,11,80853
